problem_instance,rseed,iterations,solution,best_objective,instance_file
0,1,1000,"[[4, 16, 42], [22, 9, 67, 48], [57, 98, 72, 50], [64, 95, 94], [10, 14, 58, 41], [76, 81], [88, 3], [11, 12, 28, 71, 15], [34, 40, 63], [17, 24, 70], [73, 90, 6], [21], [84, 19, 61], [47, 46, 55], [20, 29], [13, 62, 60, 59, 96, 2], [43, 7, 45, 92, 97], [87], [86, 78, 18], [44, 35, 91], [49, 68, 77], [32, 65, 89], [8, 5, 56], [66], [53, 52, 54], [93, 80], [25], [82, 79], [83], [69], [27], [85, 100], [31, 99], [33], [38], [1, 39], [23], [74], [36], [30], [26], [75], [37], [51]]","(2674023.237691261, 2673698.7838747296)",K:/Data Science/SOS lab/Project Code/output_data/cvrptw_testing.pkl
